customer_id,first_name,last_name,email,signup_date,risk_profile,marketing_opt_in
1,Alicia,Brown,lisa55@example.com,2025-10-08,Medium,False
2,Eric,Cole,youngvictor@example.org,2023-01-24,High,False
3,Pamela,Bailey,brandydiaz@example.com,2023-12-21,Medium,True
4,Tonya,Rivera,lrobinson@example.com,2024-11-19,High,True
5,Jennifer,Mcintyre,andrew55@example.com,2024-03-05,Medium,False
6,Gina,Pierce,toddlopez@example.net,2024-01-31,Low,True
7,Robert,Stephens,richard60@example.com,2024-06-14,Low,False
8,Catherine,Williams,bakerdanny@example.org,2025-08-20,High,False
9,Charles,Roberts,williamsjacob@example.com,2023-12-17,Low,True
10,Herbert,Murphy,aprilromero@example.com,2023-12-25,Medium,False
11,James,Walker,fgreen@example.org,2025-10-16,High,False
12,Alexandria,Barrett,melinda00@example.org,2025-08-12,Medium,False
13,Dustin,Fletcher,melodylewis@example.com,2025-10-05,Low,False
14,Mike,Smith,matthewsblake@example.org,2023-03-04,Low,False
15,Michele,Martinez,aphelps@example.net,2025-09-30,Low,False
16,Thomas,Diaz,nwise@example.net,2025-08-03,Low,True
17,Ryan,Little,powerserica@example.org,2024-03-25,High,True
18,Michael,Moore,hamiltonrebecca@example.com,2024-09-20,Low,False
19,Dale,Santana,wdean@example.net,2024-03-05,High,True
20,Bryan,Jacobson,vaughnbrian@example.net,2023-02-10,High,False
21,Shari,Sutton,gwatkins@example.net,2025-07-12,Medium,True
22,David,Flores,nicholas65@example.org,2023-08-27,Low,True
23,Holly,Bender,brendamoore@example.org,2025-06-28,Low,True
24,Brittney,Anderson,martinezfrancisco@example.com,2025-02-04,High,True
25,Benjamin,Brown,thancock@example.com,2025-11-02,Medium,False
26,John,Garcia,jodyadams@example.org,2025-11-08,High,True
27,Jeremiah,Bass,turnerjames@example.com,2024-12-31,Medium,False
28,Ruben,Gonzalez,byrdtonya@example.com,2025-02-07,Low,False
29,Sean,Irwin,nicolebarker@example.org,2023-12-04,Low,False
30,Julie,Wood,karenwilliams@example.net,2024-04-29,Medium,False
31,Thomas,Moore,jasonwells@example.org,2024-09-29,High,True
32,Laura,Smith,ayoung@example.org,2023-07-16,High,False
33,Vanessa,Ford,brownsara@example.com,2023-05-20,High,True
34,Shannon,Collins,swashington@example.org,2025-05-25,Low,False
35,Rebecca,Ramirez,jclark@example.com,2025-07-12,High,True
36,Lisa,Wood,owendavid@example.net,2023-03-03,Low,False
37,Kristina,Contreras,mario81@example.com,2024-08-01,Low,False
38,Amy,Webb,amyarnold@example.com,2023-02-10,High,False
39,Gerald,Davis,danielle38@example.org,2025-04-25,Medium,True
40,Javier,Long,jonescassandra@example.com,2025-09-26,Medium,False
41,Mackenzie,Singh,xgarrett@example.com,2024-03-11,High,False
42,Jacob,Austin,powellchristopher@example.net,2022-12-11,High,True
43,Misty,Ramirez,michael68@example.net,2023-11-26,Low,True
44,Tyler,Austin,collinsderrick@example.net,2023-10-16,High,False
45,Peter,Becker,carrkaitlin@example.com,2024-03-09,High,False
46,Mark,Phillips,lisa14@example.net,2024-10-18,High,False
47,Michael,Santana,harrisonjenna@example.org,2023-04-26,Low,False
48,Jennifer,Smith,patrickcampbell@example.com,2023-12-30,Low,True
49,Tammy,White,aaronvaldez@example.org,2024-04-07,High,False
50,Stephanie,Ford,charlesricardo@example.com,2025-06-07,Medium,False
51,Daniel,Clark,richard49@example.com,2024-03-23,Low,False
52,Marcus,Jones,bentonangie@example.org,2025-08-09,High,False
53,Cynthia,Gomez,wongjohn@example.com,2025-10-02,Low,True
54,Joseph,White,buckjennifer@example.com,2025-08-30,High,False
55,Sarah,Russo,maryguzman@example.org,2023-04-22,Medium,False
56,Candace,Gregory,kimberly13@example.com,2023-06-05,Medium,True
57,Sabrina,Moreno,rodriguezsavannah@example.org,2023-07-22,Low,True
58,Christopher,Wells,andrea85@example.net,2023-05-26,Low,True
59,Ryan,Anderson,frank63@example.net,2025-08-23,Low,False
60,Haley,Burgess,cisnerosjohn@example.com,2025-04-01,High,True
61,Allison,Price,hchapman@example.org,2025-02-23,Medium,True
62,Joshua,Gutierrez,anthonyhernandez@example.net,2025-04-07,Low,False
63,Jeremy,Smith,thomas23@example.net,2023-11-29,Medium,False
64,Tyrone,Dennis,elizabeth89@example.net,2023-06-03,Low,True
65,Emily,Pitts,josephryan@example.com,2024-12-29,High,False
66,Ryan,Mercer,reyesheather@example.org,2025-04-26,High,False
67,Thomas,Collier,obrienmatthew@example.org,2024-03-11,Low,True
68,Joseph,Fitzgerald,odonnellmonica@example.org,2024-06-14,High,False
69,Sarah,Becker,jakeparks@example.com,2023-08-30,Low,True
70,Robert,Jordan,raymondshaw@example.com,2025-10-04,Low,True
71,Joshua,Tran,johngregory@example.org,2023-04-10,Medium,False
72,Sarah,Johnson,kimberly84@example.org,2024-09-01,High,True
73,Elizabeth,Carlson,kevinpreston@example.com,2024-03-11,Medium,False
74,Scott,King,gacosta@example.com,2024-03-02,Low,True
75,Steven,Jenkins,jamesfitzpatrick@example.org,2023-05-27,Medium,False
76,Michael,Holder,solislauren@example.org,2024-11-23,High,True
77,Jessica,Castro,georgemelissa@example.net,2025-06-10,Low,True
78,John,Johnson,lisa16@example.net,2024-05-01,High,False
79,Rachel,Pugh,nwilliams@example.com,2024-02-05,Medium,True
80,Joe,White,qlane@example.net,2025-01-24,Medium,True
81,Scott,Brown,tuckerjames@example.com,2025-01-18,Low,False
82,Samuel,Wright,ngarcia@example.com,2023-03-09,Low,False
83,Angie,Adams,monicadiaz@example.net,2024-12-21,Medium,True
84,Brian,Pope,timothyrodriguez@example.net,2024-12-25,High,False
85,Jennifer,Khan,alyssashannon@example.org,2025-10-13,Medium,False
86,Matthew,Shepherd,sparksapril@example.net,2025-06-23,Medium,True
87,Daniel,Hunter,adammoreno@example.com,2023-02-05,High,False
88,Daniel,Summers,qjohnson@example.net,2025-01-15,Low,False
89,Blake,Olson,brian49@example.org,2025-10-28,Low,True
90,Jason,Lane,jasonbooth@example.net,2023-02-12,High,True
91,Anita,Moreno,atkinsmargaret@example.com,2023-06-24,High,False
92,Brittany,Santiago,kdickson@example.com,2025-04-24,High,False
93,Nicholas,Stone,philip90@example.com,2024-06-08,Medium,False
94,Matthew,Smith,emily44@example.org,2025-02-09,Low,True
95,Michael,Valencia,lutzleslie@example.net,2023-12-10,Low,True
96,Kelsey,Harrell,lisawarren@example.org,2025-04-04,Medium,False
97,Joe,Ochoa,tgay@example.com,2023-05-12,High,True
98,Edward,Alvarez,jacksonkim@example.org,2024-02-13,Medium,False
99,Donald,Oneill,ruthbranch@example.org,2025-09-02,Medium,False
100,Nathan,Moran,jenniferrobinson@example.net,2023-10-31,Low,True
101,Destiny,Jones,david88@example.org,2025-01-01,Low,False
102,Jackson,Scott,tatedavid@example.com,2025-10-02,Medium,False
103,Dean,Miller,elizabeth80@example.org,2023-02-28,High,False
104,David,Pineda,lucerobecky@example.com,2025-07-24,Low,True
105,Michael,Harrison,michellemcfarland@example.net,2025-02-26,Medium,False
106,Sarah,Carpenter,racevedo@example.net,2024-04-02,Low,False
107,Richard,Salas,jeremy22@example.org,2023-05-06,Medium,False
108,Bryan,Luna,elizabeth14@example.net,2025-10-05,Medium,True
109,Jeffrey,Hutchinson,nicolevelez@example.com,2023-08-31,Low,True
110,Daniel,Adams,paul70@example.org,2025-05-23,Low,False
111,Jessica,Walters,murphyann@example.org,2025-01-30,High,False
112,Katrina,Hughes,deleonolivia@example.org,2024-03-18,High,False
113,John,Franco,jacksonlawrence@example.org,2024-02-12,Medium,True
114,Kevin,Wright,llucas@example.net,2025-03-18,Medium,True
115,Daniel,Browning,zachary87@example.net,2024-01-12,Low,False
116,Gary,Kline,burkestephen@example.com,2025-01-29,Medium,False
117,Anthony,Johnson,fosterjeffrey@example.org,2024-10-27,High,True
118,Jessica,Baker,ygentry@example.com,2022-11-17,High,True
119,Gerald,Allen,kphillips@example.org,2023-03-01,Medium,True
120,Robert,Cruz,martinmichelle@example.com,2023-06-29,High,True
121,Cory,Coleman,debrajones@example.net,2024-07-14,Low,True
122,Matthew,Smith,rmunoz@example.org,2023-07-28,Medium,True
123,Cassandra,Parks,pschroeder@example.org,2022-11-26,High,False
124,Carrie,Pena,foxjennifer@example.net,2024-06-05,High,True
125,Steven,King,imartin@example.org,2024-04-20,Medium,True
126,Jacqueline,Carpenter,cathy49@example.com,2022-12-22,High,False
127,April,Miller,anthony08@example.org,2023-02-07,High,True
128,John,Gutierrez,wrodriguez@example.net,2024-12-16,Low,False
129,Robert,Hampton,hardyfred@example.com,2023-02-07,Low,True
130,Jonathan,Garcia,williamskevin@example.net,2023-05-28,Medium,True
131,Ashley,Ward,mark25@example.com,2023-01-21,High,False
132,Robert,Riley,mbernard@example.net,2023-06-23,Low,True
133,Andrea,Hayden,jennifermoore@example.org,2024-10-02,Low,True
134,Melissa,Richards,smithrebecca@example.net,2022-11-28,High,True
135,James,Norris,curtiswendy@example.org,2025-03-15,Medium,True
136,Nicholas,Davidson,griffinlance@example.org,2023-02-01,Medium,False
137,Michael,Fitzgerald,amandapayne@example.com,2023-01-26,Low,False
138,Joshua,Hughes,rasmussenjames@example.net,2024-01-03,Low,True
139,Katherine,Rosario,brownelizabeth@example.net,2023-10-16,Low,False
140,Matthew,Ewing,kennedybrittany@example.org,2023-11-08,Low,True
141,Krystal,Alvarado,waltondebra@example.org,2024-12-19,Low,True
142,Hannah,Williams,shart@example.org,2023-03-08,Medium,True
143,Casey,Walls,fstephens@example.com,2023-07-22,High,True
144,Austin,Parker,vmartin@example.net,2024-02-21,Low,False
145,Robert,Russo,harrisdaniel@example.net,2025-06-11,Medium,True
146,Madison,Watson,tanner17@example.net,2024-06-30,Medium,False
147,Karla,Scott,mgeorge@example.com,2023-11-23,Medium,True
148,Mary,Pittman,joel09@example.com,2023-08-19,Low,False
149,Shane,Lewis,brownstephanie@example.com,2024-06-19,Medium,True
150,Jeffrey,Harris,aaron84@example.com,2025-06-03,High,True
151,David,Baldwin,jjohnson@example.com,2023-06-16,Low,True
152,Samantha,Lane,pittmanerica@example.com,2023-11-12,Low,True
153,Rhonda,Bishop,torresmichael@example.net,2025-06-02,High,True
154,Sydney,Mitchell,jessicacampos@example.org,2023-05-21,Medium,False
155,Patricia,Velasquez,julie19@example.net,2023-06-03,High,False
156,Katrina,Banks,torressara@example.org,2025-05-24,High,True
157,Caitlin,Lucero,fbrady@example.net,2023-09-05,Low,True
158,Lisa,Wilson,jacksonbetty@example.com,2023-08-19,Medium,True
159,Jennifer,Norman,ramirezkenneth@example.net,2023-11-08,High,False
160,Thomas,Valdez,veronica73@example.org,2023-06-22,Low,False
161,Tom,Smith,thomasnicole@example.com,2025-07-30,Medium,False
162,Kristen,Williams,sharonporter@example.org,2025-04-12,High,True
163,Brett,Matthews,jasonduncan@example.org,2023-08-25,Low,True
164,Judy,Smith,qmckinney@example.net,2023-04-23,Medium,False
165,Elaine,Frank,gonzalesedwin@example.org,2025-01-06,High,True
166,Daniel,Price,maria68@example.org,2025-08-08,Medium,True
167,Rachel,Robles,gordonnicholas@example.com,2025-03-14,Medium,True
168,Benjamin,Frazier,cynthia32@example.org,2024-10-07,Low,True
169,Christopher,Ross,theresa07@example.org,2023-11-24,Low,True
170,Sarah,Mason,connerlorraine@example.org,2025-10-13,Medium,False
171,Rachel,Rodgers,julie41@example.net,2023-07-28,Medium,True
172,Tara,Warren,joanna04@example.net,2024-07-05,High,False
173,Jacqueline,Bailey,csmith@example.com,2022-11-24,Low,True
174,Lauren,Grant,hunterdaniel@example.net,2024-07-15,Low,False
175,Stacy,Powers,nbrown@example.net,2023-10-19,Medium,False
176,Kelsey,Russo,rgomez@example.net,2023-11-20,Medium,False
177,Kristy,Johnson,monica08@example.org,2025-04-21,High,False
178,Jennifer,Bailey,donalddorsey@example.com,2024-04-27,Medium,True
179,Kimberly,Mitchell,zfarley@example.com,2024-12-02,Medium,True
180,Gary,Brown,gallaghervictoria@example.net,2024-10-10,High,True
181,Brian,Cunningham,osmith@example.com,2025-04-10,Low,True
182,Jaime,Gonzales,richard19@example.net,2025-10-27,Low,True
183,Carol,Medina,mking@example.org,2024-02-09,Low,True
184,Richard,Long,ijenkins@example.org,2025-05-30,Medium,False
185,Brandy,Hodges,matthewscott@example.com,2024-10-28,Low,False
186,Justin,Hughes,lhoover@example.org,2024-11-21,High,False
187,Stephanie,Johnson,garciamichael@example.org,2025-08-08,Low,False
188,Daniel,Anderson,ruizjason@example.com,2023-04-01,High,False
189,Christopher,Martinez,ebrown@example.org,2023-10-27,High,False
190,David,Phillips,john08@example.org,2023-04-15,Medium,True
191,Roy,Cruz,smoore@example.org,2023-09-15,Low,True
192,Thomas,Knight,stacy12@example.com,2025-03-23,High,True
193,Ashley,Smith,myoung@example.com,2023-03-19,Medium,False
194,Linda,Morales,jromero@example.net,2022-12-12,Low,False
195,Jennifer,Nelson,cherylday@example.com,2024-02-09,High,False
196,Latoya,Mason,jgonzalez@example.com,2024-04-13,High,False
197,Kerry,Peterson,cameronrobert@example.net,2025-10-29,Low,False
198,Theresa,Lewis,amyward@example.com,2025-11-11,Medium,True
199,Sandra,Harding,maryrodriguez@example.net,2023-10-25,High,True
200,Krista,Perez,stephanie65@example.net,2024-08-22,Medium,False
201,Matthew,Oneal,murraychristopher@example.org,2024-02-13,Medium,True
202,Drew,Friedman,cfreeman@example.org,2023-05-17,Low,True
203,Mike,James,agonzalez@example.org,2025-08-14,High,True
204,Jill,Greer,eatkinson@example.org,2025-10-30,Medium,False
205,Alexander,Johnson,zdavis@example.net,2023-07-20,Medium,True
206,Andrew,Massey,tking@example.com,2023-05-21,Low,False
207,Jill,Spencer,melinda01@example.org,2025-03-16,Low,False
208,Danielle,Vazquez,loricochran@example.net,2025-01-11,High,True
209,Kristie,Mendez,guerrerodonna@example.org,2025-06-07,Medium,False
210,Heather,Huffman,ymartinez@example.org,2024-02-01,Medium,False
211,Emma,Patterson,uthompson@example.com,2025-05-13,Low,True
212,Eric,Orozco,jonathanjames@example.com,2023-03-31,High,False
213,Zoe,Sosa,jennifer72@example.net,2023-12-13,Low,True
214,Bethany,Jackson,julie97@example.net,2024-12-20,Medium,False
215,Laura,Bauer,angelashelton@example.net,2023-10-03,Low,True
216,Kelsey,Lopez,joanna43@example.com,2024-06-29,Medium,False
217,Ethan,Barber,peggy77@example.com,2025-01-17,High,False
218,Tracey,James,martin22@example.com,2024-05-31,High,True
219,Rebecca,West,nlewis@example.net,2023-12-11,High,False
220,Jennifer,Horn,xlove@example.org,2025-04-08,Medium,False
221,Karen,Martin,myersdaniel@example.org,2023-05-16,Low,False
222,Kyle,Carlson,voneill@example.net,2023-08-18,High,False
223,Amy,Swanson,alvaradojacob@example.com,2025-03-28,High,False
224,Kelly,Pacheco,williamnguyen@example.com,2023-01-25,Low,True
225,Michelle,Morrison,stonewilliam@example.net,2024-03-20,Medium,False
226,Angie,Henry,jamesbaker@example.net,2025-10-07,High,False
227,Katie,Garcia,richard26@example.org,2025-03-19,High,False
228,Catherine,Lee,hernandezjonathan@example.com,2023-06-17,High,True
229,Robert,Mooney,gonzalezjennifer@example.org,2025-10-21,High,False
230,Debra,Joyce,rgreen@example.com,2023-09-22,High,True
231,Michael,Watts,clarkemily@example.org,2025-10-26,Low,False
232,John,Kim,veronica85@example.net,2025-07-25,Medium,True
233,Annette,White,david88@example.net,2025-06-26,Low,True
234,Brenda,Farmer,osbornrussell@example.com,2025-06-24,Low,True
235,Tiffany,Ware,anthonyedwards@example.net,2025-07-20,Medium,True
236,Nicholas,Cooper,mgraham@example.org,2025-07-08,Low,True
237,Kristen,Harrison,achen@example.net,2025-04-06,Medium,True
238,Kelly,Wood,zali@example.org,2024-07-12,Medium,True
239,Olivia,Quinn,samuelwilliamson@example.org,2024-07-08,Low,False
240,Joseph,Eaton,alexis64@example.com,2023-02-14,High,False
241,Brooke,White,heather84@example.net,2025-05-01,Low,True
242,Diane,Evans,ruizcorey@example.com,2025-05-26,Medium,True
243,Judy,Davis,bradley08@example.org,2023-02-08,Low,True
244,Joseph,Becker,heather62@example.net,2024-12-12,Medium,True
245,Deborah,Bowers,jbarker@example.org,2025-03-04,High,True
246,Katherine,Thomas,ycoleman@example.net,2024-05-01,Low,True
247,John,Parker,jeffreywalls@example.org,2023-09-24,High,True
248,Keith,Hansen,richard35@example.org,2023-09-07,Low,True
249,Kathryn,Giles,lkelley@example.com,2024-07-04,High,True
250,Lawrence,Moore,ashleyjohnson@example.net,2024-04-07,Medium,True
251,Emily,Shannon,rpotter@example.org,2023-08-25,Medium,True
252,Carla,Brown,gonzalezkimberly@example.org,2025-02-13,High,False
253,Mary,Chaney,russell79@example.org,2023-01-06,High,True
254,Scott,Simmons,davisangel@example.com,2023-03-03,Low,True
255,Jennifer,Gutierrez,fordcarly@example.net,2024-06-26,Medium,False
256,David,Branch,kylezuniga@example.org,2024-10-01,Low,True
257,Rebekah,Bowen,patriciabrown@example.org,2024-05-11,Low,True
258,Susan,Herrera,mooreheidi@example.net,2024-07-03,Medium,False
259,Michael,Taylor,molly97@example.net,2023-03-27,Medium,True
260,Joshua,Woods,ffleming@example.com,2023-04-12,Low,False
261,Michael,Ray,robin70@example.com,2023-05-10,High,True
262,Earl,Sellers,wwade@example.com,2024-11-25,High,True
263,Jennifer,Woods,walkerbrandi@example.com,2022-12-25,Low,False
264,Wanda,Wagner,cmcguire@example.com,2023-01-04,Medium,True
265,Alex,French,jocelyn68@example.org,2025-08-04,Low,True
266,Richard,Young,kramerkaren@example.org,2025-07-11,Low,True
267,Anthony,Patterson,jenniferflores@example.org,2025-05-12,Medium,False
268,Tracy,Carter,pjohnson@example.org,2025-06-11,Low,False
269,Jimmy,Gonzalez,christophersandoval@example.net,2024-04-18,High,True
270,Morgan,Ibarra,jasminsmith@example.net,2024-11-19,Medium,False
271,Tonya,Davis,stephanie32@example.net,2025-07-31,High,True
272,Samantha,Miles,kimberly35@example.com,2025-03-23,Low,False
273,Brenda,White,kristin48@example.org,2023-12-10,High,False
274,Glenda,Jones,tammy50@example.com,2024-03-27,Medium,False
275,Melanie,Hicks,estradaclifford@example.org,2025-03-21,Medium,False
276,Richard,Morgan,johnsonrandy@example.com,2024-09-11,Medium,False
277,William,Humphrey,romanjoseph@example.org,2025-03-16,Low,True
278,Chris,Fox,ahays@example.net,2023-12-29,Low,True
279,Melissa,Walker,aguilartiffany@example.org,2024-04-09,Low,False
280,James,Best,macdonaldjennifer@example.net,2023-12-09,Medium,True
281,James,Rios,brian86@example.net,2023-07-22,High,False
282,Steven,Robinson,daltonbrittany@example.net,2025-02-01,Low,False
283,Brett,Colon,michellewalton@example.com,2024-08-05,Low,False
284,Deborah,Moss,amyfloyd@example.net,2024-03-09,High,False
285,Peter,Terry,christian51@example.org,2023-12-22,High,False
286,Jacob,Nichols,rrollins@example.com,2025-04-21,High,False
287,Heather,Lambert,carias@example.org,2023-07-03,High,False
288,Roger,Carson,oliviamelendez@example.org,2024-04-08,Medium,True
289,Charlotte,Garcia,robertmorales@example.org,2023-11-11,Low,False
290,Tiffany,Peterson,jeannecain@example.com,2023-01-30,Medium,False
291,Gloria,Powell,xcarpenter@example.net,2025-11-12,Medium,False
292,Danny,Payne,greenjohn@example.net,2025-02-13,High,False
293,Margaret,Mcgee,rsmith@example.org,2023-01-09,Medium,True
294,Andrea,Contreras,pamelapadilla@example.com,2023-01-16,Medium,True
295,Kevin,Carpenter,allendavid@example.com,2024-07-15,Medium,False
296,John,Taylor,nhenderson@example.net,2023-12-05,Medium,True
297,Tina,Baker,williamsoncandice@example.com,2024-09-20,High,True
298,Nancy,Harper,kleinnathaniel@example.net,2024-08-19,Low,False
299,Kayla,Rivera,bstein@example.com,2024-01-08,Low,True
300,Karen,Porter,kbenjamin@example.net,2023-10-31,Medium,False
301,Patricia,White,gloria46@example.net,2025-05-03,Low,True
302,Sean,Santiago,cameron30@example.com,2023-05-27,High,True
303,Robert,Salinas,juliadavis@example.com,2025-01-27,High,True
304,Taylor,Thomas,ryan42@example.net,2024-12-10,High,False
305,Laura,Osborn,jacob23@example.net,2023-10-21,High,True
306,Christopher,Collins,steven33@example.org,2024-04-27,Low,False
307,Helen,Moore,gomezlisa@example.net,2025-02-01,High,True
308,Margaret,Alvarez,fowlerkaren@example.org,2023-10-13,High,True
309,Daniel,Reynolds,xmontgomery@example.com,2023-01-26,High,False
310,Amber,Watson,nwalker@example.org,2024-11-22,High,True
311,Michael,Roman,sally52@example.org,2025-04-30,High,True
312,Walter,Thompson,rjohnson@example.net,2025-09-18,Low,False
313,Julie,Reid,vbarrett@example.org,2024-06-14,High,False
314,Veronica,Patterson,oaguilar@example.net,2024-08-20,Low,True
315,Peter,Freeman,robert79@example.org,2024-01-21,Medium,False
316,Stacy,Smith,simmonswilliam@example.com,2025-02-04,High,False
317,Megan,Oneal,courtneyrichards@example.com,2024-07-14,High,True
318,Jo,Stout,martha47@example.com,2023-03-01,Medium,False
319,Catherine,Montes,hensleylarry@example.net,2023-11-06,High,True
320,Shawn,Johnson,iwalter@example.org,2023-02-22,Medium,False
321,Luke,Schroeder,howardanthony@example.com,2024-02-04,Medium,True
322,Howard,White,ryanabbott@example.org,2022-12-01,Medium,False
323,David,Kelly,richardallen@example.org,2025-09-24,Medium,True
324,Jacob,Martinez,timothybarnes@example.org,2023-05-05,High,False
325,Michael,Hall,marshallmatthew@example.com,2024-06-30,Medium,False
326,Jacob,Martin,robertbaker@example.net,2023-06-23,Low,False
327,Jack,Smith,martinhenry@example.com,2025-08-12,High,False
328,Matthew,Brooks,kevinhutchinson@example.org,2024-02-18,High,True
329,Brian,Beltran,lauramiller@example.org,2024-10-31,High,True
330,Jocelyn,Caldwell,paul80@example.com,2023-06-27,High,False
331,Debbie,Russell,efloyd@example.com,2023-02-18,Low,False
332,Nicole,Lynn,mitchellelizabeth@example.org,2023-03-09,Medium,True
333,Alyssa,Smith,hilljoshua@example.org,2025-06-27,Low,False
334,Debra,Terry,stewartmatthew@example.com,2023-01-14,Low,True
335,Robert,Davis,tarahall@example.net,2025-08-15,High,False
336,James,Garrett,wolfedward@example.org,2024-12-10,High,True
337,Tyler,Blair,shelleyaustin@example.net,2024-11-16,High,True
338,Lauren,Moss,manuel48@example.org,2025-07-07,Medium,True
339,Michael,Hughes,michaelgay@example.net,2024-11-23,Low,False
340,Sandy,Gomez,martinezronald@example.com,2023-08-13,Medium,True
341,Timothy,Mejia,iholmes@example.com,2024-06-11,High,True
342,Daniel,Neal,gschwartz@example.com,2025-04-19,High,False
343,Gabriela,Crawford,qhorton@example.net,2023-11-28,Medium,False
344,Diana,Garcia,vickiejames@example.com,2024-12-31,Low,False
345,Mallory,Hines,orodriguez@example.org,2022-11-22,High,False
346,Gregory,Thomas,cscott@example.org,2025-08-04,Medium,True
347,Jessica,Patrick,richarddickerson@example.com,2023-12-30,Low,False
348,Brianna,Morse,spencermark@example.net,2024-05-02,Low,True
349,Erica,Briggs,laurenhunt@example.org,2025-02-08,Low,False
350,Thomas,Edwards,angelicaholmes@example.com,2025-03-07,Medium,True
351,Whitney,Lucero,richardsongerald@example.org,2024-04-09,High,False
352,Tara,Lee,john60@example.com,2024-06-02,High,True
353,Craig,Shah,jennifererickson@example.net,2025-07-18,High,True
354,Michael,Parsons,shannon36@example.org,2024-06-25,High,True
355,Christian,Tucker,millsfrank@example.org,2025-05-23,Low,False
356,Benjamin,Williams,clarkjohn@example.org,2024-08-03,High,False
357,Matthew,Jones,michaelwalker@example.net,2025-10-27,High,True
358,Jennifer,Kline,hayesveronica@example.com,2024-02-20,Low,False
359,James,Griffin,tylermitchell@example.com,2023-08-12,Low,False
360,John,Wilson,laurarice@example.com,2024-11-03,Medium,True
361,James,Hernandez,davisalicia@example.org,2024-07-24,High,True
362,James,Johnson,ghuang@example.net,2022-12-08,High,False
363,Tiffany,Bowers,cramsey@example.org,2025-08-26,High,True
364,Jay,Carroll,oanderson@example.com,2024-08-04,Medium,False
365,James,Anderson,ejames@example.com,2024-01-26,Low,False
366,Christine,Roberson,adavis@example.com,2023-10-26,Medium,False
367,Juan,Anderson,xortiz@example.net,2024-10-11,Medium,True
368,Karen,Holloway,oliverbarbara@example.com,2024-06-15,High,True
369,Luis,Ruiz,pmorgan@example.com,2025-06-15,High,False
370,Walter,Thomas,wbrown@example.com,2023-08-14,High,False
371,Stacy,Vasquez,raymondraymond@example.com,2025-06-25,Low,True
372,Catherine,Zavala,jolong@example.com,2024-01-13,Low,True
373,Jeremy,Atkins,swu@example.org,2024-06-23,Low,False
374,Jennifer,Hall,wongheather@example.org,2023-06-10,High,False
375,Robert,Munoz,sheltonmatthew@example.net,2025-11-07,Low,True
376,Diane,Mills,castrostephanie@example.com,2025-04-29,Medium,False
377,Elizabeth,Huerta,erichill@example.net,2024-12-02,Medium,True
378,Kathleen,Cantu,trevorwright@example.org,2024-08-26,Low,False
379,Anna,Perkins,pturner@example.org,2024-01-06,High,False
380,Kimberly,Bright,warrenmonique@example.net,2024-07-07,High,True
381,Michael,Hoover,aaronsanchez@example.net,2023-11-01,Medium,False
382,Bruce,Campbell,russellmelinda@example.com,2023-12-23,High,False
383,Meghan,Rodriguez,wrobinson@example.net,2025-06-18,Medium,False
384,Adam,Rios,bradley19@example.com,2025-06-17,Low,False
385,Gregory,Trujillo,kylewilson@example.net,2024-09-18,Low,True
386,Cassandra,Romero,pagesamuel@example.com,2024-06-04,Low,True
387,Alan,Michael,laura74@example.org,2023-06-17,Medium,False
388,Ian,York,sylviafritz@example.org,2023-06-06,Low,True
389,Jason,Prince,theresalee@example.net,2025-01-18,High,True
390,Kevin,Alvarado,joseph29@example.org,2025-07-28,Low,True
391,Lawrence,Quinn,cooperroy@example.net,2025-06-12,Medium,False
392,John,Parrish,contrerasjack@example.net,2025-02-13,Low,True
393,Matthew,Meza,ecombs@example.org,2025-09-08,Low,True
394,John,Diaz,dfinley@example.org,2025-02-10,Medium,True
395,Colin,Daniels,fbates@example.net,2023-07-17,High,False
396,Breanna,Romero,davisraymond@example.net,2024-10-31,High,False
397,Derek,Norris,santanamariah@example.com,2025-08-03,Medium,False
398,Brittany,Ross,albertreyes@example.com,2025-11-01,Low,False
399,Timothy,Smith,yfisher@example.org,2022-12-10,High,False
400,David,Cooper,richardsonmichael@example.org,2024-08-02,High,True
401,Linda,Caldwell,humphreymichael@example.com,2024-09-15,Low,False
402,Connie,Carter,michael46@example.com,2023-05-18,Medium,True
403,Leah,Ball,dennisacosta@example.com,2024-05-16,Low,True
404,Cynthia,Kelly,meyersmichael@example.net,2025-02-09,High,False
405,Brittany,Perez,jamesramirez@example.org,2024-04-29,Medium,True
406,Brian,Benson,mvelasquez@example.org,2024-06-07,Low,False
407,Elijah,Medina,washingtonjacqueline@example.net,2024-02-12,Medium,False
408,Samuel,Young,jacobanderson@example.com,2023-01-18,Low,True
409,Daniel,Murphy,kathyskinner@example.com,2023-01-21,High,True
410,Nathan,Day,leviking@example.org,2023-04-22,Medium,False
411,Timothy,Washington,etran@example.com,2025-09-07,Low,False
412,Matthew,Crosby,fjackson@example.net,2023-11-02,Low,False
413,Steven,Hill,rebeccagarner@example.com,2023-03-02,Medium,True
414,Andrew,Hurley,fdecker@example.org,2024-06-29,Low,True
415,Jesus,Rivera,caleb78@example.com,2022-12-10,Low,False
416,Rhonda,Moses,colethomas@example.net,2023-03-07,Medium,True
417,Stephanie,Johnston,keithwhite@example.org,2023-08-28,Low,False
418,Jacob,Jones,morgan60@example.com,2023-05-03,Low,True
419,Paul,Goodwin,oadkins@example.org,2023-03-25,Medium,False
420,Jacob,Singh,bjackson@example.org,2022-11-26,Low,False
421,Bobby,Smith,amber16@example.com,2024-02-17,Low,False
422,Elizabeth,Smith,brittany67@example.net,2025-09-21,High,True
423,Joshua,Powell,amber30@example.org,2023-05-09,Medium,True
424,Michael,Osborn,jonesandrea@example.net,2023-03-22,Low,False
425,Julie,Gordon,escobarlorraine@example.com,2025-07-16,Medium,True
426,Taylor,Ward,jasonbrown@example.org,2022-11-22,High,True
427,Anna,Jones,yburns@example.org,2024-10-18,Low,False
428,Jillian,Pham,droman@example.com,2025-06-24,Low,True
429,Jeffrey,Odom,gina89@example.net,2023-10-31,Medium,False
430,Dalton,Estes,fmitchell@example.net,2023-05-27,Medium,False
431,Patrick,Moore,umartin@example.net,2025-04-23,Medium,False
432,Andrea,Martinez,crosssteven@example.net,2023-06-09,High,True
433,Erika,Hines,donaldbishop@example.net,2023-08-12,Low,True
434,Daniel,Golden,johnstokes@example.com,2025-06-15,Low,False
435,Christopher,Johnson,bethcolon@example.net,2024-04-04,Medium,True
436,Tammy,English,thomaslatoya@example.net,2024-12-23,Low,False
437,Victor,Stevenson,lindsey17@example.org,2023-09-19,Medium,True
438,Mary,Bartlett,barnesderek@example.org,2025-05-12,Medium,True
439,Peggy,Gay,markbrewer@example.org,2023-05-03,Medium,True
440,Jason,Gonzalez,ashley58@example.org,2024-04-27,Medium,True
441,Amy,Delacruz,tammy08@example.org,2024-12-03,Low,True
442,Keith,Holmes,chavezchristina@example.org,2024-05-20,Medium,True
443,Steven,Lawrence,whitebrenda@example.net,2024-12-16,High,True
444,Deborah,Lawrence,rebecca13@example.org,2023-05-29,High,False
445,Christopher,Williams,barbarasantos@example.com,2025-01-26,Medium,False
446,Cynthia,Smith,juliafrazier@example.com,2024-08-12,High,False
447,Lisa,Smith,hgray@example.com,2024-04-19,Medium,True
448,Michele,Maldonado,grantalexander@example.com,2024-08-31,Medium,True
449,Taylor,Paul,awalsh@example.org,2023-02-17,Low,True
450,Heather,Keller,jogross@example.org,2024-07-04,Medium,True
451,Sierra,Watson,allenlinda@example.org,2024-03-25,Medium,False
452,Monica,Smith,lindamills@example.org,2024-10-14,Low,False
453,Travis,Munoz,riley19@example.net,2025-02-26,Medium,False
454,Brandi,Fuller,lisaalexander@example.com,2024-03-10,Low,False
455,Heather,Allen,brandon51@example.net,2025-04-14,Low,False
456,Michael,Mercado,dustinnewman@example.net,2024-12-25,Medium,False
457,Brittany,Vega,carolynstafford@example.net,2024-03-06,Low,False
458,David,Holt,adam16@example.net,2022-11-23,High,False
459,David,Holmes,daniel68@example.net,2024-07-15,Medium,True
460,Jonathan,Hess,payneashley@example.org,2023-12-29,High,True
461,Andrea,Barker,jsantana@example.com,2024-05-31,Medium,False
462,Sean,Marshall,angela35@example.com,2023-05-26,Medium,False
463,Margaret,Rosales,michaelrios@example.net,2023-04-10,Medium,True
464,Richard,Johnson,hmejia@example.net,2024-07-26,Low,False
465,Alexandra,Rogers,lindseysmith@example.org,2023-08-20,High,False
466,Tiffany,Obrien,holderkaren@example.net,2024-03-17,Low,True
467,Rhonda,Collins,curtis20@example.com,2023-05-01,High,True
468,Jennifer,Wright,joshuacunningham@example.net,2024-02-13,Low,True
469,Linda,Ryan,mitchellbrian@example.org,2024-02-19,Low,False
470,Jennifer,Thomas,gallaghermark@example.net,2025-07-12,Low,False
471,Nicole,Taylor,caseyzimmerman@example.com,2025-01-25,Medium,True
472,Shelby,Butler,ralph40@example.com,2025-09-27,Medium,True
473,Sarah,Turner,ybennett@example.com,2023-03-26,Low,True
474,Jonathan,Potter,joshua59@example.org,2023-07-31,Low,True
475,Victoria,Young,coopertiffany@example.org,2023-05-08,Low,True
476,Amber,Lopez,trhodes@example.com,2025-06-27,High,False
477,Glen,Gonzalez,saustin@example.com,2023-11-08,High,False
478,Theresa,Crawford,bmorales@example.org,2025-06-19,High,False
479,George,Lawson,odomjessica@example.net,2023-09-08,High,False
480,Natalie,Andrews,holly30@example.org,2025-10-12,Low,True
481,David,Farrell,whitecheryl@example.org,2025-06-01,Medium,False
482,Noah,Joyce,zmontgomery@example.com,2024-06-28,Medium,True
483,Courtney,Thomas,garcialinda@example.org,2024-05-29,High,True
484,Megan,Carlson,wellsmichael@example.org,2025-06-13,Medium,False
485,James,Rivera,martinezkelly@example.net,2025-06-08,Low,True
486,Ross,Shannon,ureese@example.net,2025-08-30,Low,False
487,Trevor,Harper,vbradley@example.net,2025-06-14,Low,False
488,Jeff,Knapp,pricetheresa@example.com,2023-10-04,Medium,False
489,Megan,Brewer,craigraymond@example.com,2024-08-01,High,True
490,Erica,Marks,griffithscott@example.net,2025-09-29,Medium,True
491,Charles,Fox,egallagher@example.net,2024-01-08,Low,False
492,Donald,Krueger,eric29@example.net,2022-12-06,Low,True
493,James,Lane,zoe97@example.net,2024-10-20,High,False
494,Alexis,Murphy,kristen27@example.com,2025-03-11,Medium,True
495,Heather,Wallace,jmorales@example.net,2025-10-14,Low,True
496,Randy,Livingston,bpope@example.org,2023-03-10,Low,True
497,Anthony,Green,morrisnicholas@example.com,2024-03-28,High,True
498,Melissa,Martinez,michaelstephanie@example.com,2022-12-26,Low,False
499,Rebecca,Gardner,donaldsonmatthew@example.org,2025-11-13,Medium,True
500,Dwayne,Fuller,brownsteven@example.com,2023-04-13,Medium,False
501,Cory,Davis,floydapril@example.net,2024-06-30,Low,True
502,John,Bailey,kevin19@example.com,2025-06-27,High,False
503,Joshua,Diaz,harperapril@example.com,2025-06-20,Medium,True
504,David,Herrera,dhenderson@example.org,2024-07-09,High,False
505,Cesar,Shah,francoandrew@example.com,2024-04-18,Medium,True
506,Randy,Pittman,juliabrown@example.com,2023-01-27,Medium,True
507,Sandra,Morales,nelsonjessica@example.org,2024-07-26,Medium,False
508,Michael,Gomez,fbruce@example.com,2025-07-16,High,True
509,Steven,Todd,sheila59@example.net,2023-05-20,Low,False
510,Stephanie,Jackson,raymondlucas@example.com,2025-03-05,Medium,True
511,Gabriel,Palmer,andrademichael@example.net,2025-02-12,High,False
512,Michael,Ramirez,conradvanessa@example.net,2024-07-03,Low,True
513,Michelle,Sherman,shawn15@example.com,2024-03-22,Medium,False
514,Christopher,Bridges,ayaladavid@example.com,2023-12-08,Medium,True
515,Kristina,Finley,johnsonsamantha@example.com,2023-03-01,Low,False
516,Lindsay,Clark,rowemelissa@example.org,2023-03-06,High,True
517,Gary,Johnson,aflores@example.org,2023-03-30,Low,False
518,Jonathan,Richardson,christophercrosby@example.com,2025-06-01,High,False
519,Kelly,Farley,johnny54@example.com,2024-10-30,High,True
520,Jill,Stout,awatson@example.com,2023-11-18,Medium,False
521,Daniel,Ramos,rodriguezashley@example.org,2024-05-05,Low,False
522,Anthony,Holmes,jennifer70@example.net,2023-01-26,High,False
523,Douglas,Wagner,parkermichael@example.com,2025-02-14,High,False
524,Lawrence,Byrd,woodwardchristine@example.net,2024-12-21,Low,True
525,Edward,Martin,njackson@example.net,2025-07-11,High,False
526,Stephanie,Chavez,shaunmoses@example.com,2025-10-12,High,False
527,Tracy,Wilcox,evansandrea@example.org,2023-04-22,Medium,True
528,Brianna,Clark,eduardo04@example.net,2025-07-22,Medium,True
529,Jessica,Roberts,angelamckay@example.org,2024-03-23,Medium,False
530,Annette,Wall,andrewjohnson@example.org,2025-07-18,High,True
531,Andrea,Martinez,judithgentry@example.com,2024-10-22,Medium,True
532,Mary,Meyer,valerie51@example.com,2025-02-23,Low,True
533,Ashlee,Morgan,kathleencox@example.net,2023-10-12,Low,False
534,Leon,Vega,richard04@example.org,2025-06-04,High,True
535,Stephanie,Fritz,jkelly@example.org,2025-05-26,Low,False
536,Stephen,Barnes,tina05@example.org,2025-07-12,Low,True
537,Phillip,Long,ybell@example.org,2025-07-03,High,True
538,Anna,Hayes,sierrabrown@example.org,2025-11-08,Medium,True
539,Russell,Michael,browncheryl@example.net,2022-11-23,High,True
540,Jessica,Ramirez,pcampbell@example.net,2025-04-29,Medium,False
541,Courtney,Fritz,lford@example.org,2024-12-01,Medium,False
542,Misty,Allen,biancasloan@example.com,2023-02-28,Medium,False
543,Kelly,Mckay,kelly39@example.com,2025-08-09,High,False
544,Jeffrey,Young,randysmith@example.net,2024-12-05,Low,False
545,Patricia,Hayes,thansen@example.org,2022-12-30,Low,False
546,Kendra,King,jonathanstephens@example.org,2025-07-22,Medium,False
547,Adrian,White,osmith@example.com,2024-12-21,Medium,True
548,Donald,Hughes,laura06@example.org,2024-01-22,Low,False
549,Erin,Baker,valerieobrien@example.org,2024-01-15,Medium,False
550,Kathryn,Mcclain,xflores@example.net,2022-12-15,Low,False
551,Jill,Decker,baileynancy@example.org,2023-08-22,High,False
552,Kelly,Freeman,tiffanymartin@example.net,2024-05-24,Low,False
553,Martha,Johnson,sandy44@example.org,2025-07-04,High,True
554,Christine,Schmidt,loganjames@example.org,2023-09-19,High,False
555,Jack,Torres,hudsondana@example.org,2023-09-27,Low,False
556,Jessica,Taylor,robin81@example.org,2025-05-29,Low,True
557,Theresa,Martin,julie92@example.net,2025-09-28,Medium,True
558,Stacey,Cantu,aaronwhite@example.com,2022-11-26,High,True
559,Steve,Wright,batesbrandon@example.org,2024-12-30,Low,True
560,Mary,Henderson,rodriguezjason@example.com,2023-01-08,High,False
561,Ryan,Wong,yrodriguez@example.net,2024-02-25,Low,True
562,Christina,Thomas,robertsandrew@example.org,2025-04-17,Low,True
563,Diana,Nguyen,tina90@example.org,2025-01-21,High,True
564,Katie,Oconnor,sean57@example.com,2025-09-15,Medium,True
565,Bob,Robinson,tranleroy@example.org,2025-03-12,Medium,False
566,Brian,Gregory,brendaewing@example.org,2023-12-19,Low,True
567,William,Martin,valentinekari@example.org,2025-10-01,Low,True
568,Samantha,Munoz,barkernicholas@example.org,2024-09-04,High,True
569,Justin,Brown,christopheroconnor@example.com,2023-03-03,Medium,False
570,Daniel,Armstrong,jeffreybrennan@example.org,2022-11-25,Medium,False
571,Julie,Ellis,jeffreypaul@example.org,2025-04-02,High,True
572,Ryan,Moore,maurice79@example.org,2024-10-02,High,False
573,Jennifer,Church,kristin68@example.net,2023-10-22,High,True
574,Tyler,Smith,vhall@example.com,2025-04-03,High,False
575,Allen,Colon,teresa88@example.net,2025-07-30,High,True
576,Lisa,Nguyen,billymiddleton@example.net,2024-03-08,Medium,False
577,Brittany,Thompson,andrew47@example.com,2023-01-01,Low,False
578,Sarah,Ford,robin31@example.org,2023-06-05,Low,True
579,Melissa,George,bpennington@example.org,2023-07-28,Medium,False
580,Alexander,Rodriguez,lharris@example.net,2024-10-07,Low,True
581,Anna,Wood,andreamclaughlin@example.org,2024-12-01,High,False
582,Edward,Erickson,mendozavictoria@example.com,2024-01-18,Low,True
583,Alexander,Diaz,charles87@example.org,2025-07-14,High,True
584,Brian,Marshall,diazmichael@example.com,2024-03-21,Medium,True
585,Sue,Conway,jonesjames@example.net,2023-09-25,Low,True
586,Cheyenne,Morrison,michael98@example.com,2023-10-04,Low,False
587,Richard,Bell,alice24@example.org,2023-08-01,High,False
588,Debra,Morrow,daniel23@example.com,2025-04-07,Low,False
589,Mark,Green,jennifer59@example.com,2023-12-08,Low,False
590,John,Cook,kristigutierrez@example.net,2025-09-19,Medium,True
591,Cindy,Hunter,ianderson@example.org,2024-11-26,High,False
592,Craig,Perez,ktorres@example.org,2023-05-31,Medium,False
593,Ricky,Harper,jeffrey94@example.org,2023-01-23,Medium,False
594,Bruce,Baker,darrenpineda@example.org,2025-09-16,Medium,True
595,Jennifer,Meadows,jeremiah03@example.com,2025-07-28,Medium,True
596,Martin,Coleman,hillandrea@example.com,2025-06-29,High,False
597,Gabriel,Chung,vboyle@example.net,2023-12-11,Low,False
598,Andrea,Carter,daguirre@example.org,2025-05-08,Medium,False
599,Darren,Pratt,robinsonjoshua@example.net,2024-10-22,Medium,False
600,Ashley,Nguyen,olawrence@example.com,2025-08-06,Medium,True
601,Joshua,Fuller,caseyerin@example.org,2023-08-29,Low,True
602,Karen,Bauer,craigfitzpatrick@example.net,2025-01-29,Medium,False
603,Jessica,Williams,choffman@example.net,2024-05-11,High,False
604,Destiny,Roberts,james22@example.com,2024-04-15,Low,False
605,Matthew,Brown,nelsonsamantha@example.org,2024-01-10,High,True
606,Eric,Lee,hernandezdanny@example.net,2025-05-25,Medium,False
607,Cody,Fields,scottseth@example.com,2025-09-15,Medium,True
608,Vincent,Gross,robert45@example.com,2023-02-24,Medium,True
609,Jennifer,Miller,jamie29@example.com,2025-04-21,Low,False
610,Christina,Sanchez,emilyarnold@example.com,2025-08-18,High,False
611,Melinda,Barnes,kpacheco@example.net,2023-05-11,High,True
612,Tracey,Walter,harrisbenjamin@example.org,2024-03-22,High,False
613,Jessica,Henderson,lauriehanson@example.net,2023-06-09,High,True
614,Jonathan,Matthews,jonesmason@example.com,2023-03-20,Medium,False
615,Billy,Anderson,nathan83@example.org,2025-03-27,High,True
616,Andre,Robinson,carolynrodriguez@example.com,2024-01-01,Medium,True
617,James,Garcia,hkim@example.net,2023-09-30,Low,True
618,Charles,Peters,marycherry@example.net,2023-02-18,Medium,True
619,Robert,Moore,mcintoshalexis@example.org,2025-07-04,High,True
620,Stacy,Sanchez,tylerkrueger@example.org,2024-07-30,Medium,True
621,David,Frank,david26@example.com,2024-11-22,High,False
622,Peter,Williamson,jessica59@example.net,2023-10-20,Medium,False
623,Justin,Pierce,jason64@example.net,2024-03-09,Low,True
624,Sharon,Cabrera,mortonallison@example.org,2024-03-23,Low,True
625,John,Patrick,rogercuevas@example.net,2025-10-14,Low,False
626,Melanie,Castillo,cynthiahawkins@example.com,2023-11-16,Low,True
627,Gina,Cox,lisa80@example.net,2024-09-26,High,False
628,James,Gonzalez,sonyajackson@example.com,2023-04-28,High,False
629,Kathryn,Evans,wilsonjennifer@example.net,2025-04-27,Low,False
630,Kyle,Walters,owinters@example.org,2025-08-03,Low,False
631,Nicole,Wise,margaretmanning@example.com,2025-10-18,High,True
632,Robert,Martinez,kparsons@example.org,2025-04-02,Medium,True
633,David,Ortega,butlerrandy@example.com,2024-08-16,Low,False
634,Teresa,Smith,ybeard@example.org,2023-10-20,Low,False
635,Donald,Barrett,bvazquez@example.org,2025-07-21,High,True
636,William,Johnson,gwalker@example.net,2023-08-30,Medium,True
637,Joseph,Webster,sierra51@example.com,2023-02-18,Low,True
638,Kimberly,Herrera,mitchellcaleb@example.com,2024-04-12,Low,True
639,Christina,Austin,zmiller@example.com,2024-10-23,Low,False
640,Eric,Crawford,karenwhite@example.com,2022-12-24,High,True
641,Jeff,Allen,katherinenewton@example.com,2025-05-15,Medium,True
642,Valerie,Clements,leah78@example.net,2023-10-04,High,False
643,Chelsea,Curtis,patriciabass@example.com,2023-09-07,High,False
644,Douglas,James,ihurst@example.com,2025-09-23,High,False
645,Kimberly,Garza,william60@example.org,2025-09-26,High,False
646,James,Johnson,heatherjones@example.net,2024-10-05,High,True
647,Samantha,Stevens,jessicahernandez@example.net,2022-11-22,Medium,False
648,Sydney,Carr,tmahoney@example.net,2025-07-26,High,True
649,Christine,Cordova,susan85@example.org,2025-05-03,Low,False
650,Jessica,Ware,morganramsey@example.net,2023-05-30,Low,False
651,Theresa,Brown,jason37@example.net,2024-04-13,Medium,True
652,Rebecca,Austin,dawsonwilliam@example.net,2025-09-18,Medium,False
653,Robert,Oconnor,davidsonwilliam@example.com,2024-04-20,High,False
654,James,Smith,lisavargas@example.org,2022-11-16,Medium,True
655,Timothy,Mclean,pateljessica@example.org,2023-09-10,Low,True
656,Kayla,Mccoy,vmartinez@example.net,2023-09-02,Low,False
657,Anthony,Bates,madelinejones@example.net,2024-04-23,Medium,True
658,Joshua,Morales,aarontucker@example.org,2023-02-19,High,False
659,Hannah,Fitzgerald,xsmith@example.net,2024-09-30,Medium,True
660,Andrew,Farmer,alexandercombs@example.org,2023-03-07,High,True
661,Tiffany,Gibson,hodgejames@example.org,2023-12-20,Medium,True
662,Timothy,Thompson,emily53@example.net,2025-07-16,Low,True
663,Daniel,Mason,millskimberly@example.net,2025-04-10,High,False
664,Tonya,Beltran,ritajackson@example.net,2023-11-06,Low,False
665,Mariah,Gray,aroberts@example.org,2024-06-17,High,False
666,Kenneth,Franklin,pearsonlauren@example.com,2024-07-16,Medium,True
667,Erika,Carlson,karmstrong@example.org,2022-12-17,High,False
668,Kim,Vasquez,tiffany20@example.com,2024-10-17,High,True
669,Mary,Thomas,mkaufman@example.org,2023-01-04,High,True
670,Sara,Miller,englishjeffrey@example.net,2025-03-18,Medium,False
671,Eric,Boyer,richardmooney@example.com,2025-11-04,High,True
672,Aaron,Lee,christopherwarren@example.org,2025-09-06,High,False
673,Julie,Reed,hughesnicole@example.org,2024-05-08,Medium,True
674,Cody,Perez,perezjamie@example.com,2024-10-25,Medium,False
675,Susan,Garcia,omarquez@example.org,2025-07-06,High,True
676,Christopher,Jennings,michaellogan@example.org,2023-05-29,Low,True
677,Michelle,Collins,aprilwebb@example.com,2025-03-26,High,False
678,Brian,Mccoy,thomasjessica@example.net,2024-04-22,Low,False
679,Claudia,Rivera,dkent@example.net,2025-01-29,Medium,False
680,Joshua,Landry,kellyferguson@example.net,2024-07-21,Low,False
681,Ashley,Allen,acostaallen@example.net,2025-02-15,High,False
682,Courtney,Carrillo,jonathanhurst@example.net,2025-09-16,Low,True
683,Dennis,Cantu,iwolf@example.net,2025-03-27,High,False
684,Zachary,Miller,youngryan@example.org,2025-03-26,Low,True
685,Yvette,Cannon,whitehannah@example.com,2024-04-06,Medium,False
686,Angela,Miles,william36@example.com,2025-09-30,Medium,True
687,Cindy,Michael,andrew01@example.org,2022-12-29,Medium,False
688,Andrew,Wells,dominguezkyle@example.net,2025-06-23,Low,False
689,Stephen,Zimmerman,scott91@example.org,2024-11-30,Medium,True
690,Kaitlyn,Roberts,alex25@example.com,2024-01-16,High,False
691,Angela,Stark,barrettemily@example.com,2025-01-23,High,True
692,David,Valdez,angela42@example.com,2024-07-17,Low,False
693,Peter,Pratt,christensendavid@example.net,2022-11-19,High,True
694,Cheryl,Ayala,josephcarroll@example.org,2025-03-12,Medium,True
695,Michael,Kerr,wardashley@example.com,2025-04-18,Medium,False
696,Shawn,Lee,lawsonerik@example.com,2023-08-02,Low,False
697,Kimberly,Johnson,amandawaller@example.org,2022-11-29,High,False
698,Crystal,Rivers,megansnyder@example.com,2023-10-12,Medium,False
699,Patricia,Brennan,walter07@example.org,2025-08-19,Medium,True
700,Shannon,Kim,teresarussell@example.net,2024-05-12,Medium,True
701,Tony,Bruce,jonesmarc@example.org,2023-01-04,Low,True
702,Kimberly,Torres,stevenmiller@example.com,2024-08-30,Medium,False
703,Jay,Mccarthy,daniellopez@example.net,2024-09-21,High,True
704,Lauren,Frank,dianaparker@example.org,2024-08-02,High,True
705,David,Anderson,spearschristina@example.com,2024-04-01,Low,True
706,Kyle,Thompson,calebsanchez@example.com,2025-06-02,Low,False
707,Rachel,Sanchez,angelica92@example.org,2025-08-20,Low,True
708,Tiffany,Garcia,charlottebrown@example.org,2025-10-16,Medium,True
709,Phillip,Coleman,tbarker@example.net,2024-03-08,High,False
710,Andres,Grimes,elliottkeith@example.com,2022-12-29,Low,False
711,Chelsea,Richmond,crystalmorse@example.net,2023-09-29,High,True
712,Sara,Wang,jhawkins@example.net,2023-04-28,High,True
713,Ellen,Davis,ejones@example.org,2024-01-09,Medium,False
714,Joseph,Leonard,mullenrodney@example.org,2022-12-03,Low,True
715,William,Powers,amandajordan@example.org,2025-06-18,High,False
716,Jeremy,Chung,baileymatthew@example.net,2023-06-11,Low,False
717,Andrew,Williams,jonesmisty@example.com,2025-06-16,High,True
718,Carolyn,Levine,myerskelsey@example.net,2023-03-16,Low,True
719,Sean,Solis,ywilson@example.net,2024-08-22,Medium,False
720,Sarah,Stuart,otaylor@example.com,2024-01-01,High,True
721,Rebekah,Carlson,veronicacampbell@example.net,2024-09-20,Low,False
722,Jesse,Smith,ericaflores@example.com,2025-02-03,High,True
723,Tiffany,Roy,elutz@example.net,2025-08-02,Low,False
724,Stefanie,Graham,emilyaustin@example.net,2023-12-25,High,True
725,Bonnie,Harris,cody94@example.net,2025-09-13,Low,True
726,Donna,Wilson,christopherbutler@example.net,2024-06-24,High,True
727,Kimberly,Thomas,manningmatthew@example.net,2025-08-29,Medium,False
728,Shelly,Buck,ucampbell@example.com,2025-10-20,High,True
729,Denise,Richardson,csimmons@example.net,2023-09-28,Low,False
730,Marie,Calhoun,barrettcindy@example.org,2025-02-15,High,True
731,Kyle,Hall,lhansen@example.com,2024-11-15,Low,False
732,Madison,Lopez,diane56@example.net,2025-09-09,Medium,False
733,Brenda,Allen,jennifer23@example.net,2022-12-22,Medium,True
734,James,Thompson,cynthiarhodes@example.net,2024-08-12,High,True
735,Denise,Vance,wintersandrea@example.org,2024-09-15,Medium,False
736,Kyle,Cole,rrocha@example.net,2025-08-21,Medium,True
737,Amber,Madden,melissaramirez@example.com,2024-09-19,Medium,True
738,Xavier,Brown,dwarren@example.org,2023-10-23,Low,True
739,Stephanie,Gates,theresaharrison@example.com,2023-08-18,High,True
740,Savannah,Taylor,martinvincent@example.com,2025-09-11,Low,True
741,Jeffrey,Higgins,donald35@example.net,2025-01-28,Medium,False
742,Robert,Ortega,phillipsjennifer@example.com,2025-03-26,Low,True
743,Juan,Walker,rachel69@example.com,2023-05-18,Medium,True
744,Michelle,Ortiz,cynthia07@example.net,2024-05-20,Low,True
745,Jeremiah,Ford,villajeffrey@example.com,2024-01-24,High,False
746,Gregory,Brewer,lewistanner@example.org,2023-07-25,Medium,True
747,Jason,Becker,joseph29@example.org,2024-05-27,Low,False
748,Kevin,Jones,wattsjames@example.org,2024-09-08,High,False
749,Pamela,Crawford,hsnyder@example.org,2024-12-20,Medium,True
750,Christina,Young,gary61@example.net,2023-02-08,Medium,True
751,Alicia,Mendez,htravis@example.net,2023-12-13,Low,False
752,Dillon,Turner,brucelaura@example.org,2024-12-05,Medium,True
753,Kristine,Gomez,michaelday@example.net,2023-09-02,High,False
754,Danielle,Hayes,crawfordkyle@example.org,2024-05-28,Low,False
755,Billy,Goodman,randy07@example.com,2024-02-02,High,False
756,Travis,Cummings,jorge79@example.net,2024-04-29,Low,True
757,Joseph,Browning,teresa15@example.com,2025-05-07,Low,True
758,Daniel,Cole,kevin35@example.org,2025-05-12,High,True
759,Renee,Olson,carol04@example.org,2023-02-23,Low,False
760,Bethany,Davis,ronald65@example.org,2025-05-27,Low,True
761,Vincent,Cox,arusso@example.com,2025-03-02,Medium,True
762,Adam,Jensen,abigailhatfield@example.net,2024-10-04,High,False
763,Robin,Miller,bakerjessica@example.net,2025-10-11,High,True
764,Timothy,Taylor,dawnmckay@example.org,2024-06-01,Medium,True
765,Brian,Bradley,nrandall@example.org,2023-03-05,Low,False
766,Danielle,Olson,juan14@example.org,2024-11-28,Medium,False
767,Kayla,Casey,josephoscar@example.net,2023-11-14,High,False
768,Gregory,Turner,iwilliams@example.net,2023-01-18,Medium,True
769,Joshua,Wells,cervantessamuel@example.org,2025-10-02,Medium,False
770,Cathy,Rivera,donald67@example.com,2025-08-24,High,False
771,Karen,Parker,joshua63@example.com,2023-03-31,High,False
772,Joshua,Brown,greenesteven@example.org,2023-12-21,Low,True
773,Anthony,Rodriguez,noah57@example.com,2024-03-28,Low,False
774,Brian,Hayes,kevinduncan@example.org,2024-11-29,Medium,False
775,Amber,Rodriguez,aguilarsheila@example.org,2025-04-26,Low,True
776,Ashley,Cooper,diazcrystal@example.com,2025-01-07,Low,True
777,Ronald,Carlson,williamshepherd@example.org,2025-01-25,High,False
778,Francis,Mendoza,keith63@example.org,2023-03-14,High,False
779,David,Ortiz,christopherwashington@example.org,2024-12-03,Medium,True
780,Cheryl,King,gguerrero@example.net,2023-11-07,Low,True
781,Elizabeth,Vargas,muellermelissa@example.org,2024-02-05,Low,False
782,Anthony,Montgomery,kevin62@example.com,2023-04-23,High,False
783,Jason,Davis,michaelcrawford@example.com,2024-09-29,High,True
784,Denise,Harrell,jackgonzalez@example.com,2023-01-02,High,False
785,Pamela,Lewis,hollymclean@example.net,2022-11-29,High,False
786,Kelly,Norris,monica26@example.com,2025-05-14,Medium,True
787,Robin,David,hollandsteven@example.com,2023-08-26,Medium,True
788,Cassandra,Green,benjamin55@example.com,2023-01-15,Low,True
789,Jeffrey,Griffin,austinamanda@example.com,2022-12-18,High,True
790,Chad,Soto,jasongillespie@example.org,2025-11-05,Low,False
791,Steven,Munoz,wgeorge@example.org,2024-03-09,Low,True
792,Kelly,Porter,deniseschmitt@example.org,2024-02-09,Low,False
793,Christina,Gonzales,lopezjean@example.org,2025-07-21,Low,False
794,Emily,Mcpherson,elizabethweber@example.org,2023-06-18,High,False
795,Jonathan,Williams,brittney51@example.net,2025-09-15,Low,True
796,Samantha,Morse,mcguirechristopher@example.org,2025-01-27,High,True
797,Christopher,Reynolds,gewing@example.net,2024-01-03,High,False
798,Scott,Kent,wilkersontiffany@example.org,2024-05-18,Low,False
799,Frederick,Bradley,normanmatthew@example.com,2023-11-20,Medium,False
800,Emily,Estrada,echambers@example.com,2023-02-05,Low,False
801,Pamela,Parker,kevinmcintyre@example.net,2024-10-20,Medium,True
802,Mason,Williams,rogerskevin@example.com,2024-03-13,Medium,False
803,Sara,Cohen,tatechristian@example.com,2023-03-25,High,True
804,Krystal,Pruitt,adam80@example.org,2024-05-24,Low,True
805,Victoria,Mata,mike69@example.net,2023-11-01,Low,True
806,Kathryn,Anderson,dbradford@example.com,2025-03-03,High,False
807,Kelly,Allen,fsalas@example.net,2023-07-10,High,False
808,Derek,Patterson,wilsonkathryn@example.org,2023-02-19,High,True
809,Jodi,Jones,devin10@example.net,2025-08-30,High,False
810,Denise,Walker,kim64@example.net,2025-05-01,High,False
811,Nicole,Miller,imiller@example.net,2023-04-03,Medium,True
812,Jason,Brown,pwilliams@example.com,2023-02-21,Low,True
813,Emily,Williams,john18@example.com,2025-02-14,High,True
814,James,Griffin,wolfeeric@example.com,2023-01-29,Low,True
815,Michael,Murphy,lopezsharon@example.org,2023-05-16,Low,False
816,Walter,Rodriguez,timothydavies@example.org,2025-05-27,Medium,False
817,James,Robinson,richard01@example.org,2024-08-29,High,False
818,Jennifer,Lucero,mckeejoshua@example.com,2025-04-18,Medium,False
819,April,Williams,colleenfarley@example.com,2025-02-10,High,False
820,Hannah,White,phillipsmonica@example.com,2023-02-05,Medium,True
821,Erin,Nunez,powellrachel@example.com,2023-06-01,High,False
822,Juan,Edwards,anash@example.org,2025-05-11,High,False
823,Justin,Phillips,manuelsantiago@example.com,2025-06-07,Low,True
824,Zachary,Duncan,heidi16@example.net,2023-04-23,Medium,True
825,Jessica,Ellis,chasepaula@example.com,2023-02-22,Low,False
826,Peter,Dorsey,alexanderkelsey@example.com,2024-03-14,Medium,True
827,Carl,Collins,zcox@example.org,2025-08-29,Low,False
828,Breanna,White,bmay@example.org,2023-11-02,Medium,False
829,Diane,Morgan,christinamedina@example.com,2024-06-16,High,False
830,Amanda,Diaz,campbelljose@example.net,2023-03-30,High,True
831,Mary,Gentry,tayloramy@example.net,2025-01-08,High,False
832,Thomas,Kaiser,christina74@example.net,2024-04-20,Medium,False
833,Michael,Smith,michaelcasey@example.org,2025-06-07,Medium,False
834,Allen,Martin,farrellanthony@example.net,2023-05-29,Medium,False
835,Jerry,Harris,pstevenson@example.com,2024-08-18,Low,True
836,Jennifer,Swanson,carrolllogan@example.org,2024-09-05,Low,True
837,Sherry,Vargas,traciejames@example.com,2025-11-04,High,True
838,Terri,Palmer,brandonrocha@example.com,2023-03-23,Low,True
839,Olivia,Lyons,holmesstephen@example.org,2024-04-10,High,False
840,Matthew,Lutz,kdavis@example.com,2023-07-03,Medium,False
841,Justin,Diaz,rconner@example.org,2023-04-17,Low,True
842,John,Richmond,shelbythomas@example.com,2025-06-04,Medium,True
843,Julie,Johnson,wporter@example.com,2025-03-16,Medium,False
844,Mark,Mccoy,ryangarner@example.com,2025-10-28,Low,True
845,Michael,Anderson,alicia78@example.com,2023-11-15,High,False
846,Abigail,Spence,william39@example.net,2025-05-08,Medium,True
847,James,Ramsey,ruizjustin@example.com,2023-11-16,Low,True
848,Penny,Paul,justinreed@example.net,2023-02-18,Medium,False
849,Benjamin,King,bmurray@example.com,2024-07-30,Low,True
850,Maria,Wilson,luis65@example.org,2024-08-14,Low,False
851,Christine,Wood,wriley@example.org,2023-05-03,High,True
852,Catherine,Wagner,qchapman@example.com,2024-03-01,Low,True
853,Michael,Moses,craigtaylor@example.net,2023-11-12,High,False
854,Ryan,Ray,jenniferwagner@example.com,2022-12-08,Low,True
855,Sharon,Payne,gmccann@example.com,2022-12-23,Low,True
856,David,Chang,paulaguirre@example.org,2023-05-19,Medium,False
857,Samantha,Bean,donald55@example.net,2023-08-27,Medium,False
858,Charles,Pollard,jesse38@example.net,2023-07-23,Medium,False
859,Andre,Berry,imartinez@example.net,2023-08-13,Low,False
860,Christopher,Hess,wpeterson@example.org,2023-06-07,Medium,False
861,Joseph,Jones,pdrake@example.org,2023-01-17,Medium,True
862,Nancy,Perry,zpratt@example.org,2024-10-09,Low,True
863,Phillip,Shepherd,qlee@example.org,2023-11-27,Medium,True
864,Trevor,Brooks,qmeyer@example.org,2023-11-23,High,True
865,Luke,Perez,whitekelly@example.net,2023-03-05,High,False
866,Melissa,Hooper,turnermary@example.net,2024-05-04,Medium,True
867,Charles,Collins,stacy17@example.org,2024-12-07,High,False
868,James,Lewis,jonathan54@example.net,2024-01-13,Low,True
869,Nathan,Davis,ijohnson@example.com,2025-01-17,Medium,False
870,Michael,Villanueva,fgonzalez@example.com,2025-06-21,Medium,True
871,James,Carlson,gcook@example.com,2023-09-10,Medium,False
872,Matthew,Simmons,lewisleslie@example.org,2025-06-12,Medium,False
873,Julia,Odom,fferguson@example.org,2023-02-16,Low,False
874,Nicholas,Jackson,vincentmclaughlin@example.net,2025-03-29,Medium,True
875,Shawn,Clark,douglas16@example.net,2024-01-08,High,False
876,Nicholas,Sanchez,elizabeth97@example.net,2023-02-27,Low,False
877,Eric,Mullen,abbottjon@example.net,2023-07-11,Low,False
878,Alexis,Mcdowell,jeremyrodriguez@example.com,2023-07-16,High,True
879,Ryan,Perez,bmaxwell@example.org,2024-08-15,Medium,False
880,Debbie,Smith,mariahgates@example.org,2023-07-13,Medium,True
881,Michael,Hall,keithsteven@example.net,2025-11-13,High,False
882,Kendra,Steele,jacobhaney@example.com,2024-05-17,Low,False
883,Nicholas,Mann,lshaffer@example.com,2025-10-19,Medium,True
884,William,Hendricks,pateljoseph@example.net,2025-08-27,High,True
885,Jesse,Miller,kimberly60@example.com,2025-01-13,High,True
886,Grace,Williams,mwright@example.org,2023-11-01,Low,True
887,Jennifer,Crawford,lharper@example.com,2023-11-22,Low,False
888,Christopher,Rubio,whitekristen@example.com,2024-04-14,Medium,False
889,Mark,Robinson,valeriewallace@example.com,2025-02-20,Medium,True
890,Joyce,Evans,kelly10@example.com,2025-03-17,High,True
891,Joy,Hamilton,richardsonrobert@example.org,2025-01-15,Medium,True
892,Austin,Collins,stevenhopkins@example.com,2024-01-08,Low,True
893,Stephanie,King,qnorton@example.com,2024-10-09,High,True
894,Kathleen,Wilson,stewartchris@example.net,2023-02-28,High,True
895,Stephanie,Cervantes,natalie44@example.com,2023-03-01,High,True
896,Ashley,Stevenson,williamwood@example.org,2025-03-16,Medium,False
897,Joseph,Carr,nicholasmcbride@example.org,2023-01-21,Low,True
898,David,Perez,walter49@example.com,2024-03-24,High,False
899,Wesley,Scott,kimberlymcintyre@example.com,2022-12-30,High,True
900,Mary,Villarreal,coxphilip@example.org,2023-12-07,High,True
901,Karen,Gibbs,xgordon@example.net,2025-01-10,High,True
902,Tony,Mckay,robertsonjavier@example.com,2025-04-06,High,True
903,Lawrence,Avila,clarkmary@example.net,2024-08-13,Low,False
904,Andrew,Clark,jennifer48@example.com,2024-04-26,High,True
905,Jesse,Whitehead,jeffrey34@example.net,2023-06-18,High,True
906,Michelle,Ramsey,cynthiahernandez@example.com,2025-10-08,Low,True
907,Ellen,Swanson,elliottrobert@example.com,2025-01-08,Medium,False
908,Kelly,Freeman,larrycarr@example.net,2023-03-09,Low,False
909,Tracy,Nichols,madeline00@example.net,2023-02-19,Medium,False
910,Brian,Boone,fowlerjennifer@example.com,2025-03-17,Low,False
911,Kaylee,Escobar,ihancock@example.com,2023-02-05,Low,False
912,Dylan,Clark,snyderdiane@example.org,2025-03-08,Medium,True
913,David,Small,charlene13@example.org,2023-02-16,Medium,False
914,James,Schultz,mariaschroeder@example.net,2025-07-08,High,True
915,David,Mccormick,aaronadams@example.org,2023-07-03,High,False
916,Tyler,Hubbard,rosskristen@example.com,2024-12-19,Low,True
917,Martha,White,tamarabutler@example.com,2024-04-09,Low,True
918,Amy,Beard,crivas@example.com,2024-02-06,Medium,False
919,Matthew,Shaw,morgancatherine@example.net,2025-02-03,Medium,False
920,Debra,Reyes,joshua34@example.net,2023-03-19,Low,False
921,William,Williams,wsmith@example.com,2025-03-27,Low,True
922,Stephen,Duncan,davidrobinson@example.net,2025-02-23,Low,False
923,Cynthia,Bowman,llee@example.org,2023-02-27,High,False
924,Aaron,Shaffer,jenniferwallace@example.org,2023-04-10,High,False
925,Gregory,Johnson,nataliehoward@example.org,2024-04-01,Medium,True
926,Brent,Martinez,zrodriguez@example.org,2025-03-15,Medium,False
927,Mallory,Figueroa,sandra46@example.net,2025-02-16,Low,True
928,Tonya,Payne,davidmedina@example.org,2025-04-07,High,True
929,Jessica,Andrews,ncole@example.org,2024-08-09,High,False
930,Edward,Johnson,moniquehall@example.org,2025-03-04,Low,True
931,Matthew,Choi,nicholas39@example.net,2024-10-28,Low,True
932,Sarah,Potter,edgar58@example.org,2023-05-30,High,True
933,Taylor,Carey,jeffreymejia@example.com,2024-12-09,Low,False
934,Nicholas,Robinson,robert45@example.org,2023-11-16,Medium,True
935,Laura,Stewart,ajohnson@example.org,2025-04-25,High,True
936,Tracy,Rivera,olivia27@example.com,2023-10-13,High,False
937,Charles,Lyons,amy97@example.com,2023-01-30,Medium,True
938,James,Holmes,hfrazier@example.com,2025-01-20,Medium,False
939,Kelly,Johnson,asantiago@example.com,2025-01-20,Medium,False
940,Laura,Tanner,vscott@example.net,2024-09-05,Low,False
941,April,Reeves,davidwilliams@example.com,2024-05-10,Low,False
942,Andrew,Carter,franklin21@example.net,2024-04-16,Low,False
943,Brad,Mitchell,jennifer20@example.net,2025-03-29,Medium,False
944,Richard,Taylor,nicholsscott@example.com,2024-01-11,Medium,False
945,Hayden,Farmer,ylozano@example.com,2025-05-26,High,False
946,Lisa,Price,cmoreno@example.net,2023-06-11,Medium,False
947,Deanna,Barker,mcmillananthony@example.net,2024-03-06,High,False
948,Robert,Graham,youngtravis@example.org,2025-09-20,Low,False
949,Lauren,Cook,johnathancruz@example.org,2025-01-15,High,False
950,Michelle,Young,susancarter@example.org,2023-01-23,Medium,False
951,Taylor,Wade,esanchez@example.org,2025-05-09,High,False
952,Bryan,Duncan,kristophershea@example.org,2023-03-06,High,True
953,Benjamin,Navarro,anthony71@example.org,2023-04-06,High,True
954,Scott,Owens,bowersmichele@example.com,2023-09-06,Medium,False
955,Tanner,Morris,michaelwilson@example.net,2023-07-08,Low,False
956,Monica,Harrison,melaniethomas@example.org,2023-08-23,High,False
957,Patricia,Fowler,rbaker@example.net,2024-05-06,Medium,False
958,Michael,Moore,wshelton@example.org,2023-02-06,High,False
959,Darren,Rice,meyerlaura@example.com,2023-01-13,High,True
960,Lisa,Underwood,jasonwilliams@example.net,2023-03-15,Medium,True
961,Michael,Colon,andersonjohn@example.org,2025-04-11,Low,False
962,Aaron,Garrison,jonathan05@example.com,2023-09-01,Medium,True
963,Lauren,Knight,gregorybray@example.net,2025-08-19,Low,False
964,Tammy,Todd,wperez@example.org,2025-10-18,Medium,False
965,Amber,Scott,wgoodman@example.net,2024-10-11,Medium,True
966,Justin,Walker,llewis@example.com,2022-12-26,High,False
967,Jesus,Flores,gmejia@example.com,2025-04-19,High,False
968,Laura,Johnson,samanthaburch@example.org,2022-12-17,Low,False
969,Kelly,Stevens,lydia36@example.com,2022-11-30,High,False
970,Melissa,Smith,uturner@example.org,2023-05-25,Low,True
971,Brooke,Bailey,thomas92@example.org,2025-01-10,Medium,True
972,Scott,Jones,ann15@example.com,2023-04-23,Low,False
973,Regina,Horne,yhoward@example.org,2024-07-06,Low,True
974,Rebecca,Washington,jessica12@example.net,2025-04-14,High,False
975,Joseph,Berry,lynn94@example.com,2024-10-15,Medium,True
976,Katie,Jacobs,luke61@example.net,2024-02-14,High,False
977,Mary,Allen,hberger@example.org,2024-11-16,Medium,True
978,Rebecca,Gonzales,bassdaniel@example.net,2023-05-12,Medium,True
979,Kimberly,Ross,eharris@example.org,2023-01-24,High,True
980,Kelly,Hill,burnetttroy@example.net,2025-06-28,Low,False
981,Julian,Mullins,pricejohn@example.org,2022-12-06,Medium,False
982,Miguel,Diaz,feliciaperry@example.net,2023-05-16,Low,True
983,Courtney,Anderson,michaelwilson@example.com,2024-07-07,Low,True
984,Anthony,Gardner,alyssajefferson@example.com,2022-11-28,High,False
985,Tina,Trujillo,laurenwilson@example.net,2024-06-21,Medium,True
986,Barry,Allen,jasongibson@example.org,2023-05-26,Medium,False
987,Paula,Miller,dawnpaul@example.com,2023-09-04,Medium,False
988,Brian,Fields,bhill@example.com,2024-09-23,High,False
989,Tyler,Cooper,christybrown@example.org,2024-09-01,High,True
990,Scott,Whitaker,caitlinnelson@example.net,2025-01-23,High,True
991,Joseph,Mendoza,richard85@example.com,2025-04-26,Low,True
992,Bethany,Knight,callahankara@example.com,2024-08-03,High,True
993,Stephanie,English,dustinrichard@example.org,2025-02-09,Low,False
994,Kristen,Smith,ahahn@example.org,2025-08-17,Medium,True
995,Robert,Smith,petersmichael@example.net,2025-01-11,High,True
996,Carol,Johnson,duncanalbert@example.com,2023-04-03,Medium,False
997,Kelly,Haynes,frank00@example.org,2025-10-17,Medium,True
998,Amanda,Harrison,kimbrown@example.com,2025-06-05,Low,True
999,Gerald,Arroyo,proberts@example.com,2024-06-29,High,True
1000,Kimberly,Berry,rodneyramsey@example.net,2023-01-08,Low,True
